INSERT INTO `scgj`.`user` (`organizationName`, `sPOCName`, `userId`, `password`, `userRole`, `userStatus`, `Id`) VALUES ('Paramhans Educare Pvt. Ltd.', 'Rakshit Dhankar', 'rakshit@paramhansedu.in', 'rakshit@123', 'TP', 'Incomplete', '123');
INSERT INTO `scgj`.`user` (`organizationName`, `sPOCName`, `userId`, `password`, `userRole`, `userStatus`, `Id`) VALUES ('S.E-BIZ Infotech Ltd', 'Gagan Bhargav ', 'Gagan.bhargav@sebiz.net', 'gagan@123', 'TP', 'Pending', '124');
INSERT INTO `scgj`.`user` (`organizationName`, `sPOCName`, `userId`, `password`, `userRole`, `userStatus`, `Id`) VALUES ('CPIT Edutech Pvt. Ltd.', 'Deepak Kukreja', 'deepakkukreja.cpit@gmail.com', 'deepak@123', 'TP', 'Approved', '125');
INSERT INTO `scgj`.`user` (`organizationName`, `sPOCName`, `userId`, `password`, `userRole`, `userStatus`, `Id`) VALUES ('CII', 'Anil Jain', 'Anil123@gmail.com', 'aniljain123', 'AB', 'Incomplete', '126');
INSERT INTO `scgj`.`user` (`organizationName`, `sPOCName`, `userId`, `password`, `userRole`, `userStatus`, `Id`) VALUES ('Ministry of New and Renewable Energy', 'Deepak Garg', 'Deepak@gmail.com', 'deepakgarg1234', 'AB', 'Pending', '127');
INSERT INTO `scgj`.`user` (`organizationName`, `userId`, `password`, `userRole`, `userStatus`) VALUES ('SCGJ', 'Prashant@SCGJ.in', 'prashant@123', 'SCGJ', 'Approved');

INSERT INTO `scgj`.`application` (`applicationId`, `applicationState`, `activeFlag`, `dateOfSubmission`, `userId`) VALUES ('1', 'Submit', '1', '2017/5/5', 'rakshit@paramhansedu.in');
INSERT INTO `scgj`.`application` (`applicationId`, `applicationState`, `activeFlag`, `dateOfSubmission`, `userId`) VALUES ('2', 'Submit', '1', '2017/6/5', 'Gagan.bhargav@sebiz.net');
INSERT INTO `scgj`.`application` (`applicationId`, `applicationState`, `activeFlag`, `dateOfSubmission`, `userId`) VALUES ('3', 'Submit', '0', '2017/5/3', 'deepakkukreja.cpit@gmail.com');

INSERT INTO `scgj`.`csvuploaded` (`csvType`, `csvName`, `csvUploadDate`, `csvUploadUserId`) VALUES ('Training Partner', 'Paramhans.csv', '2017/3/4', 'rakshit@paramhansedu.in');
INSERT INTO `scgj`.`csvuploaded` (`csvType`, `csvName`, `csvUploadDate`, `csvUploadUserId`) VALUES ('Training Partner', 'S.E-BIZ.csv', '2017/4/5', 'Gagan.bhargav@sebiz.net');
INSERT INTO `scgj`.`csvuploaded` (`csvType`, `csvName`, `csvUploadDate`, `csvUploadUserId`) VALUES ('Training Partner', 'CPIT.csv', '2017/7/7', 'deepakkukreja.cpit@gmail.com');

INSERT INTO `scgj`.`trainingpartnerregistration` (`jobRole`, `totalCenters`, `grantsFromGovernment`, `recognitionOfInstitute`, `priorExperience`, `priorExperienceInSkill`, `officeManagerP`, `officeManagerT`, `officeStaffP`, `officeStaffT`, `labAttendantsP`, `labAttendantsT`, `accountantsP`, `accountantsT`, `supportStaffP`, `supportStaffT`, `othersP`, `othersT`, `processOfAdoption`, `existenceOfFacilitatorsGuide`, `existenceOfTrainerGuide`, `existenceOfParticipantManuals`, `existenceOfAssessmentGuides`, `existenceOfParticipantFeedbackForms`, `existenceOfTrainingDeliveryPlans`, `reviewProcessForApproval`, `timeTable`, `deliveryPlan`, `monitoringAndEvaluation`, `managementEvaluationRecords`, `labWorkShopExposure`, `industryVisits`, `impartingsOftSkills`, `providingGuidanceOnPlacements`, `placementFacilitation`, `areaOfInstitute`, `building`, `sizeOfClassRoom`, `numberOfClassrooms`, `sizeOfLabs`, `numberOfLabs`, `sizeOfWorkshops`, `numberOfWorkshops`, `presenceOfToolkit`, `safeDrinkingWater`, `powerBackup`, `separateToilet`, `transportFacility`, `presenceOfLibrary`, `technicalBooks`, `nonTechnicalBooks`, `magazine`, `dailies`, `isIlluminationSufficient`, `isVentilated`, `cleanLiness`, `weatherProtected`, `printedBrochure`, `documentedPolicy`, `concessionsPolicy`, `safeCustodyOfDocuments`, `studentAgreement`, `yearOfEstablishment`, `mediumOfInstructions`, `mobileNo`, `PAN`, `TAN`, `turnover`, `address`, `state`, `PINcode`, `district`, `city`, `landlineNumber`, `faxNumber`, `modelOfInstitute`, `isNSDCfunded`, `applicationId`, `trainingPartnerName`, `emailId`) VALUES ('Solar Pv installer-electrical', '2', '0', '0', '2', '1', '2', '2', '12', '5', '12', '4', '5', '2', '12', '3', '2', '2', '1', '1', '1', '1', '1', '1', '1', '1', '1', '1', '1', '1', '1', '1', '1', '1', '1', '1', '1', '10000sq.', '8', '500', '5', '400sq.', '2', '1', '1', '1', '1', '1', '1', '6', '2', '3', '4', '1', '1', '1', '1', '1', '1', '1', '1', '1', 2014, 'English', '9818456987', 'ABCD123456', '2145698762', '20 lakhs', 'vijay nagar,ghaziabad', 'UP', '209801', 'ghaziabad', 'ghaziabad', '01202896579', '2105647896', 'self-owned', '1', '1', 'Paramhans Educare Pvt. Ltd.', 'rakshit@paramhansedu.in');
INSERT INTO `scgj`.`trainingpartnerregistration` (`jobRole`, `totalCenters`, `grantsFromGovernment`, `recognitionOfInstitute`, `priorExperience`, `priorExperienceInSkill`, `officeManagerP`, `officeManagerT`, `officeStaffP`, `officeStaffT`, `labAttendantsP`, `labAttendantsT`, `accountantsP`, `accountantsT`, `supportStaffP`, `supportStaffT`, `othersP`, `othersT`, `processOfAdoption`, `existenceOfFacilitatorsGuide`, `existenceOfTrainerGuide`, `existenceOfParticipantManuals`, `existenceOfAssessmentGuides`, `existenceOfParticipantFeedbackForms`, `existenceOfTrainingDeliveryPlans`, `reviewProcessForApproval`, `timeTable`, `deliveryPlan`, `monitoringAndEvaluation`, `managementEvaluationRecords`, `labWorkShopExposure`, `industryVisits`, `impartingsOftSkills`, `providingGuidanceOnPlacements`, `placementFacilitation`, `areaOfInstitute`, `building`, `sizeOfClassRoom`, `numberOfClassrooms`, `sizeOfLabs`, `numberOfLabs`, `sizeOfWorkshops`, `numberOfWorkshops`, `presenceOfToolkit`, `safeDrinkingWater`, `powerBackup`, `separateToilet`, `transportFacility`, `presenceOfLibrary`, `technicalBooks`, `nonTechnicalBooks`, `magazine`, `dailies`, `isIlluminationSufficient`, `isVentilated`, `cleanLiness`, `weatherProtected`, `printedBrochure`, `documentedPolicy`, `concessionsPolicy`, `safeCustodyOfDocuments`, `studentAgreement`, `yearOfEstablishment`, `mediumOfInstructions`, `mobileNo`, `PAN`, `TAN`, `turnover`, `address`, `state`, `PINcode`, `district`, `city`, `landlineNumber`, `faxNumber`, `modelOfInstitute`, `isNSDCfunded`, `applicationId`, `trainingPartnerName`, `emailId`) VALUES ('Solar Pv installer-civill', '4', '0', '0', '2', '2', '4', '2', '10', '2', '5', '2', '2', '1', '8', '2', '0', '0', '1', '1', '1', '1', '1', '1', '1', '1', '1', '1', '1', '1', '1', '1', '1', '1', '1', '1', '1', '5000sq.', '3', '500', '3', '300sq.', '2', '1', '1', '1', '1', '1', '1', '4', '2', '2', '3', '1', '1', '1', '1', '1', '1', '1', '1', '1', 2015, 'English', '9845632145', 'ADSQ123454', '3216541238', '10 lakhs', 'kavinagar,ghaziabad', 'UP', '201001', 'ghaziabad', 'ghaziabad', '01202797178', '2587419635', 'mobile', '1', '1', 'S.E-BIZ Infotech Ltd', 'Gagan.bhargav@sebiz.net');

INSERT INTO `scgj`.`tpmanagement` (`tpManagementId`, `name`, `designation`, `contactNumber`, `educationalQualification`, `experience`, `emailId`, `tpId`) VALUES ('1', 'Anil Agarwal', 'Director', '9874569874', 'Msc.', '3', 'anil@gmail.com', '1');
INSERT INTO `scgj`.`tpmanagement` (`tpManagementId`, `name`, `designation`, `contactNumber`, `educationalQualification`, `experience`, `emailId`, `tpId`) VALUES ('2', 'Deepak Kumar', 'Director', '9632587536', 'B.Tech', '2', 'deepak@gmail.com', '1');
INSERT INTO `scgj`.`tpmanagement` (`tpManagementId`, `name`, `designation`, `contactNumber`, `educationalQualification`, `experience`, `emailId`, `tpId`) VALUES ('3', 'Pushkar SHukla', 'Operation Head', '7896541235', 'B.Tech', '2', 'Pushkar123@gmail.com', '2');

INSERT INTO `scgj`.`assessmentagencyregistration` (`address`, `state`, `website`, `mobileNumber`, `landlineNo`, `PINcode`, `faxNumber`, `yearofEstablishment`, `modelofInstitution`, `PAN`, `TAN`, `turnover`, `recognitionWithAnyGovt`, `affiliatedWithAnySSC`, `assessmentExperience`, `years`, `totalNumberOfAssessmentComplete`, `applicationId`, `assessmentAgencyName`) VALUES ('vijay Nagar,ghaziabad', 'UP', 'CII.in', '8795462589', '01202654787', '201001', '2589634569', 2014, 'English', 'ALKJ234123', '8596741256', '10 lakhs', '0', '0', '2', '2', '20', '2', 'CII');
INSERT INTO `scgj`.`assessmentagencyregistration` (`address`, `state`, `website`, `mobileNumber`, `landlineNo`, `PINcode`, `faxNumber`, `yearofEstablishment`, `modelofInstitution`, `PAN`, `TAN`, `turnover`, `recognitionWithAnyGovt`, `affiliatedWithAnySSC`, `assessmentExperience`, `years`, `totalNumberOfAssessmentComplete`, `applicationId`, `assessmentAgencyName`) VALUES ('kavinagar,ghaziabad', 'UP', 'MinistryofRenewable.in', '9874562589', '01202589635', '201001', '9874563215', 2014, 'English', 'AYUO234567', '5874963258', '5 lakhs', '0', '0', '3', '2', '30', '3', 'Ministry of New and Renewable Energy');

INSERT INTO `scgj`.`trainingpartner` (`trainingPartnerId`, `trainingPartnerName`, `applicationId`) VALUES ('TP-123', 'Bhavesh kumar', '3');
INSERT INTO `scgj`.`trainingpartner` (`trainingPartnerId`, `trainingPartnerName`, `applicationId`) VALUES ('TP-124', 'Ram prakash', '2');
INSERT INTO `scgj`.`trainingpartner` (`trainingPartnerId`, `trainingPartnerName`, `applicationId`) VALUES ('TP-125', 'Akash kumar', '1');

INSERT INTO `scgj`.`applicationcomments` (`comment`, `applicationId`, `activeFlag`) VALUES ('Incorrect PAN', '3', '1');
INSERT INTO `scgj`.`applicationcomments` (`comment`, `applicationId`, `activeFlag`) VALUES ('Incorrect Aadhar Number', '2', '1');

INSERT INTO `scgj`.`centre` (`centreId`, `centreName`, `centrePOCContactName`, `centreAddress`, `district`, `state`, `trainingPartnerId`) VALUES ('290', 'ABESIT', 'Bhavesh mishra', 'vijay nagar,ghaziabad', 'ghaziabad', 'UP', 'TP-123');
INSERT INTO `scgj`.`centre` (`centreId`, `centreName`, `centrePOCContactName`, `centreAddress`, `district`, `state`, `trainingPartnerId`) VALUES ('030', 'Veer Kunwar Singh university', 'Deepak kumar', 'jagdeeshpur,Arrah', 'Buxar', 'Bihar', 'TP-124');

INSERT INTO `scgj`.`trainer` (`trainerId`, `trainerName`, `designation`, `trainingPartnerId`) VALUES ('2002', 'Vivek singh', 'Director', 'TP-124');
INSERT INTO `scgj`.`trainer` (`trainerId`, `trainerName`, `designation`, `trainingPartnerId`) VALUES ('2003', 'King Ram', 'Director', 'TP-123');
INSERT INTO `scgj`.`trainer` (`trainerId`, `trainerName`, `designation`, `trainingPartnerId`) VALUES ('2004', 'Aashish Chauhan', 'Director', 'TP-123');

INSERT INTO `scgj`.`agency` (`agencyId`, `agencyName`, `applicationId`) VALUES ('214', 'RKGIT', '1');
INSERT INTO `scgj`.`agency` (`agencyId`, `agencyName`, `applicationId`) VALUES ('142', 'AKG', '2');

INSERT INTO `scgj`.`assessor` (`assessorId`, `assessorName`, `district`, `state`, `agencyId`) VALUES ('101', 'Shubham Kumar', 'Ghaziabad', 'UP', '142');
INSERT INTO `scgj`.`assessor` (`assessorId`, `assessorName`, `district`, `state`, `agencyId`) VALUES ('102', 'Ram Pal', 'Unnao', 'UP', '214');

INSERT INTO `scgj`.`employer` (`employerId`, `employerName`, `locationOfEmployer`, `locationOfEmployerDistrict`, `locationOfEmployerState`) VALUES ('111', 'Priyanshu', 'Buxar', 'Buxar', 'Bihar');
INSERT INTO `scgj`.`employer` (`employerId`, `employerName`, `locationOfEmployer`, `locationOfEmployerDistrict`, `locationOfEmployerState`) VALUES ('112', 'Srajan Sahu', 'Kanpur', 'Kanpur', 'UP');
INSERT INTO `scgj`.`employer` (`employerId`, `employerName`, `locationOfEmployer`, `locationOfEmployerDistrict`, `locationOfEmployerState`) VALUES ('113', 'Ram Kumar', 'Lucknow', 'Lucknow', 'UP');

INSERT INTO `scgj`.`batch` (`batchId`, `batchName`, `batchType`, `trainingPartnerId`, `centreId`, `trainerId`, `totalCandidatesInBatch`, `batchStartDate`, `batchEndDate`, `jobRole`, `jobRoleCode`, `maximumMarksTheory`, `maximumMarksPractical`, `level`, `resultApproved`, `resultApprovedOnDate`, `totalPass`, `totalFail`, `totalNotAppeared`, `totalCertified`, `batchAssignmentDate`, `assessmentDate`, `agencyId`, `assessorId`, `batchMode`) VALUES ('123', 'Solar', 'pmkvy', 'TP-123', '30', '2002', '70', '2017/04/20', '2017/06/20', 'Safai karmchari', 'SCJ/Q6102', '78', '58', '1', 'yes', '2017/07/20', '50', '10', '10', '50', '2017/06/05', '2017/07/15', '142', '101', 'pmkvy');
INSERT INTO `scgj`.`batch` (`batchId`,`batchName`, `batchType`, `trainingPartnerId`, `centreId`, `trainerId`, `totalCandidatesInBatch`, `batchStartDate`, `batchEndDate`, `jobRole`, `jobRoleCode`, `maximumMarksTheory`, `maximumMarksPractical`, `level`, `resultApproved`, `resultApprovedOnDate`, `totalPass`, `totalFail`, `totalNotAppeared`, `totalCertified`, `batchAssignmentDate`, `assessmentDate`, `agencyId`, `assessorId`, `batchMode`) VALUES ('124','Electrical', 'non-pmkvy', 'TP-123', '290', '2003', '80', '2017/03/20', '2017/05/20', 'Solar PV Installer', 'SCJ/Q0102', '74', '89', '2', 'no', '2017/06/20', '60', '15', '5', '60', '2017/05/04', '2017/06/14', '142', '101', 'market');
INSERT INTO `scgj`.`batch` (`batchId`,`batchName`, `batchType`, `trainingPartnerId`, `centreId`, `trainerId`, `totalCandidatesInBatch`, `batchStartDate`, `batchEndDate`, `jobRole`, `jobRoleCode`, `maximumMarksTheory`, `maximumMarksPractical`, `level`, `resultApproved`, `resultApprovedOnDate`, `totalPass`, `totalFail`, `totalNotAppeared`, `totalCertified`, `batchAssignmentDate`, `assessmentDate`, `agencyId`, `assessorId`, `batchMode`) VALUES ('125','Safai ', 'non-pmkvy', 'TP-123', '30', '2002', '90', '2017/04/20', '2017/07/30', 'Solar PV Installer-Civil', 'SCJ/Q01013', '85', '87', '1', 'pending', '2017/08/30', '80', '5', '5', '80', '2017/07/03', '2017/08/13', '142', '102', 'state skill level');
INSERT INTO `scgj`.`batch` (`batchId`,`batchName`, `batchType`, `trainingPartnerId`, `centreId`, `trainerId`, `totalCandidatesInBatch`, `batchStartDate`, `batchEndDate`, `jobRole`, `jobRoleCode`, `maximumMarksTheory`, `maximumMarksPractical`, `level`, `resultApproved`, `resultApprovedOnDate`, `totalPass`, `totalFail`, `totalNotAppeared`, `totalCertified`, `batchAssignmentDate`, `assessmentDate`, `agencyId`, `assessorId`, `batchMode`) VALUES ('126','Solar', 'non-pmkvy', 'TP-124', '290', '2002', '60', '2017/03/20', '2017/07/31', 'Solar PV Installer-Civil', 'SCJ/Q01013', '65', '85', '2', 'pending', '2017/08/31', '40', '15', '5', '40', '2017/07/12', '2017/08/12', '214', '102', 'mnre');
INSERT INTO `scgj`.`batch` (`batchId`,`batchName`, `batchType`, `trainingPartnerId`, `centreId`, `trainerId`, `totalCandidatesInBatch`, `batchStartDate`, `batchEndDate`, `jobRole`, `jobRoleCode`, `maximumMarksTheory`, `maximumMarksPractical`, `level`, `resultApproved`, `resultApprovedOnDate`, `totalPass`, `totalFail`, `totalNotAppeared`, `totalCertified`, `batchAssignmentDate`, `assessmentDate`, `agencyId`, `assessorId`, `batchMode`) VALUES ('127','Electrical', 'non-pmkvy', 'TP-124', '30', '2002', '90', '2017/08/20', '2017/11/20', 'Wastewater treatment plant technicianl', 'SCJ/Q6601', '99', '96', '4', 'no', '2017/12/20', '50', '30', '10', '50', '2017/12/1', '2017/12/09', '214', '102', 'nbcfdc');
INSERT INTO `scgj`.`batch` (`batchId`,`batchName`, `batchType`, `trainingPartnerId`, `centreId`, `trainerId`, `totalCandidatesInBatch`, `batchStartDate`, `batchEndDate`, `jobRole`, `jobRoleCode`, `maximumMarksTheory`, `maximumMarksPractical`, `level`, `resultApproved`, `resultApprovedOnDate`, `totalPass`, `totalFail`, `totalNotAppeared`, `totalCertified`, `batchAssignmentDate`, `assessmentDate`, `agencyId`, `assessorId`, `batchMode`) VALUES ('128','Safai ', 'non-pmkvy', 'TP-124', '290', '2003', '70', '2017/09/20', '2017/12/20', 'Wastewater treatment plant helper', 'SCJ/Q6602', '98', '100', '5', 'no', '2017/12/31', '20', '30', '20', '20', '2017/12/6', '2017/12/10', '214', '101', 'paid rpl');

INSERT INTO `scgj`.`batchassignment` (`batchAssignmentid`, `batchId`, `agencyId`, `responseType`) VALUES ('176', '123', '142', 'default');
INSERT INTO `scgj`.`batchassignment` (`batchAssignmentid`, `batchId`, `agencyId`, `responseType`) VALUES ('17685', '124', '214', 'proposed');
INSERT INTO `scgj`.`batchassignment` (`batchAssignmentid`, `batchId`, `agencyId`, `responseType`) VALUES ('225', '125', '142', 'approved');
INSERT INTO `scgj`.`batchassignment` (`batchAssignmentid`, `batchId`, `agencyId`, `responseType`) VALUES ('385', '126', '214', 'rejected');

INSERT INTO `scgj`.`certificate` (`certificateName`, `certificateUploadDate`, `batchId`, `userId`) VALUES ('solar123', '2017/5/22', '123', 'rakshit@paramhansedu.in');
INSERT INTO `scgj`.`certificate` (`certificateName`, `certificateUploadDate`, `batchId`, `userId`) VALUES ('electrical124', '2017/5/25', '124', 'Gagan.bhargav@sebiz.net');
INSERT INTO `scgj`.`certificate` (`certificateName`, `certificateUploadDate`, `batchId`, `userId`) VALUES ('safai125', '2017/7/12', '125', 'deepakkukreja.cpit@gmail.com');
INSERT INTO `scgj`.`certificate` (`certificateName`, `certificateUploadDate`, `batchId`, `userId`) VALUES ('solar126', '2017/6/22', '126', 'Anil123@gmail.com');
INSERT INTO `scgj`.`certificate` (`certificateName`, `certificateUploadDate`, `batchId`, `userId`) VALUES ('electrica127', '2017/5/21', '127', 'Deepak@gmail.com');

INSERT INTO `scgj`.`candidate` (`candidateDetailsId`, `candidateName`, `enrollmentNumber`, `gender`, `dateOfBirth`, `nameOfFatherOrHusband`, `aadharNumber`, `mobileNumber`, `emailId`, `educationLevel`, `traineeAddress`, `traineePinCode`, `marksObtainedTheory`, `marksObtainedPractical`, `result`, `certified`, `placementStatus`, `dateOfJoining`, `employmentType`, `batchId`, `employerId`) VALUES ('1234', 'Deepak singh', '2214541458', 'Male', '1996-06-21', 'Atul kumar singh', '1414785155', '09965874548', 'deepak@gmail.com', 'B.tech', 'viajya nagar', '201001', '85', '50', 'pass', 'yes', '1', '2017-05-14', 'temp', '123', '111');
INSERT INTO `scgj`.`candidate` (`candidateDetailsId`, `candidateName`, `enrollmentNumber`, `gender`, `dateOfBirth`, `nameOfFatherOrHusband`, `aadharNumber`, `mobileNumber`, `emailId`, `educationLevel`, `traineeAddress`, `traineePinCode`, `marksObtainedTheory`, `marksObtainedPractical`, `result`, `certified`, `placementStatus`, `dateOfJoining`, `employmentType`, `batchId`, `employerId`) VALUES ('1235', 'Pushkar shukla', '3214541458', 'Male', '1996-01-04', 'Raj kishore shukla', '7896547896', '09865214578', 'pushkar@gmail.com', 'B.tech', 'kavi nagar', '201006', '85', '80', 'pass', 'yes', '1', '2017-05-14', 'temp', '124', '112');
INSERT INTO `scgj`.`candidate` (`candidateDetailsId`, `candidateName`, `enrollmentNumber`, `gender`, `dateOfBirth`, `nameOfFatherOrHusband`, `aadharNumber`, `mobileNumber`, `emailId`, `educationLevel`, `traineeAddress`, `traineePinCode`, `marksObtainedTheory`, `marksObtainedPractical`, `result`, `certified`, `placementStatus`, `dateOfJoining`, `employmentType`, `batchId`, `employerId`) VALUES ('1236', 'Priyanshu pandey', '4214541458', 'Male', '1995-01-10', 'vijay shankar pandey', '6547896547', '09854744563', 'priyanshu@gmail.com', 'B.tech', 'hiran nagar', '201005', '87', '90', 'pass', 'yes', '1', '2017-05-14', 'permanent', '125', '113');
INSERT INTO `scgj`.`candidate` (`candidateDetailsId`, `candidateName`, `enrollmentNumber`, `gender`, `dateOfBirth`, `nameOfFatherOrHusband`, `aadharNumber`, `mobileNumber`, `emailId`, `educationLevel`, `traineeAddress`, `traineePinCode`, `marksObtainedTheory`, `marksObtainedPractical`, `result`, `certified`, `placementStatus`, `dateOfJoining`, `employmentType`, `batchId`, `employerId`) VALUES ('1237', 'Pranjal singh', '5214541458', 'Male', '1997-01-15', 'Arun kumar singh', '1478523698', '09857456446', 'pranjal@gmail.com', 'B.tech', 'gandhi nagar', '201003', '69', '69', 'pass', 'yes', '1', '2017-05-14', 'permanent', '126', '112');
INSERT INTO `scgj`.`candidate` (`candidateDetailsId`, `candidateName`, `enrollmentNumber`, `gender`, `dateOfBirth`, `nameOfFatherOrHusband`, `aadharNumber`, `mobileNumber`, `emailId`, `educationLevel`, `traineeAddress`, `traineePinCode`, `marksObtainedTheory`, `marksObtainedPractical`, `result`, `certified`, `placementStatus`, `dateOfJoining`, `employmentType`, `batchId`, `employerId`) VALUES ('1238', 'Prateek kapoor', '6214541458', 'Male', '1996-08-14', 'Anup Kapoor', '4563217891', '09847521646', 'prateek@gmail.com', 'B.tech', 'cvil lines', '201002', '90', '85', 'pass', 'yes', '1', '2017-05-14', 'permanent', '127', '113');
